<?xml version="1.0"?>
<opencv_storage>
<stage14>
  <maxWeakCount>10</maxWeakCount>
  <stageThreshold>-7.3963999748229980e-01</stageThreshold>
  <weakClassifiers>
    <_>
      <internalNodes>
        0 -1 10112 -5.3929187357425690e-02</internalNodes>
      <leafValues>
        8.8888889551162720e-01 -5.4653936624526978e-01</leafValues></_>
    <_>
      <internalNodes>
        0 -1 13009 7.3368399171158671e-04</internalNodes>
      <leafValues>
        4.5566473156213760e-02 -9.2063713073730469e-01</leafValues></_>
    <_>
      <internalNodes>
        0 -1 48177 -1.3786995410919189e-01</internalNodes>
      <leafValues>
        6.6065227985382080e-01 -1.2286829203367233e-01</leafValues></_>
    <_>
      <internalNodes>
        0 -1 66081 -3.3001956343650818e-01</internalNodes>
      <leafValues>
        7.0449769496917725e-01 -1.3670209050178528e-01</leafValues></_>
    <_>
      <internalNodes>
        0 -1 137240 -5.7157520204782486e-03</internalNodes>
      <leafValues>
        4.3728211522102356e-01 -2.0313130319118500e-01</leafValues></_>
    <_>
      <internalNodes>
        0 -1 102616 -6.2532452866435051e-03</internalNodes>
      <leafValues>
        4.6587517857551575e-01 -2.1321344375610352e-01</leafValues></_>
    <_>
      <internalNodes>
        0 -1 25614 -7.4766801844816655e-05</internalNodes>
      <leafValues>
        3.1896835565567017e-01 -3.3168619871139526e-01</leafValues></_>
    <_>
      <internalNodes>
        0 -1 62325 -6.4220786094665527e-02</internalNodes>
      <leafValues>
        4.2353782057762146e-01 -2.5655072927474976e-01</leafValues></_>
    <_>
      <internalNodes>
        0 -1 67637 1.6314141452312469e-02</internalNodes>
      <leafValues>
        -1.4818535745143890e-01 7.4109882116317749e-01</leafValues></_>
    <_>
      <internalNodes>
        0 -1 156119 -7.9139217268675566e-04</internalNodes>
      <leafValues>
        6.3297438621520996e-01 -1.1739765107631683e-01</leafValues></_></weakClassifiers></stage14>
</opencv_storage>
