<?xml version="1.0"?>
<opencv_storage>
<stage11>
  <maxWeakCount>12</maxWeakCount>
  <stageThreshold>-1.0706043243408203e+00</stageThreshold>
  <weakClassifiers>
    <_>
      <internalNodes>
        0 -1 88752 -8.3462268114089966e-02</internalNodes>
      <leafValues>
        2.8301885724067688e-01 -5.9375000000000000e-01</leafValues></_>
    <_>
      <internalNodes>
        0 -1 69810 -2.3849625140428543e-02</internalNodes>
      <leafValues>
        7.8536695241928101e-01 -2.0244470238685608e-01</leafValues></_>
    <_>
      <internalNodes>
        0 -1 133748 -1.1586268374230713e-04</internalNodes>
      <leafValues>
        -6.8838512897491455e-01 1.7146272957324982e-01</leafValues></_>
    <_>
      <internalNodes>
        0 -1 162259 -9.9034700542688370e-04</internalNodes>
      <leafValues>
        -4.8793512582778931e-01 2.3957210779190063e-01</leafValues></_>
    <_>
      <internalNodes>
        0 -1 137698 -9.2977960593998432e-04</internalNodes>
      <leafValues>
        2.8373253345489502e-01 -3.9145109057426453e-01</leafValues></_>
    <_>
      <internalNodes>
        0 -1 129811 -2.3103710263967514e-02</internalNodes>
      <leafValues>
        6.0940176248550415e-01 -2.0208761096000671e-01</leafValues></_>
    <_>
      <internalNodes>
        0 -1 101818 -7.3532538954168558e-04</internalNodes>
      <leafValues>
        3.7262883782386780e-01 -2.9486370086669922e-01</leafValues></_>
    <_>
      <internalNodes>
        0 -1 46890 -5.6117646396160126e-02</internalNodes>
      <leafValues>
        5.6618881225585938e-01 -1.8047316372394562e-01</leafValues></_>
    <_>
      <internalNodes>
        0 -1 115813 6.4943879842758179e-03</internalNodes>
      <leafValues>
        -2.4482555687427521e-01 4.9534717202186584e-01</leafValues></_>
    <_>
      <internalNodes>
        0 -1 7099 -1.7806601524353027e-01</internalNodes>
      <leafValues>
        4.7468110918998718e-01 -2.4155001342296600e-01</leafValues></_>
    <_>
      <internalNodes>
        0 -1 2695 5.6656658649444580e-02</internalNodes>
      <leafValues>
        -2.5409868359565735e-01 4.6481120586395264e-01</leafValues></_>
    <_>
      <internalNodes>
        0 -1 148885 1.3224737485870719e-03</internalNodes>
      <leafValues>
        -2.3502805829048157e-01 5.0873643159866333e-01</leafValues></_></weakClassifiers></stage11>
</opencv_storage>
