<?xml version="1.0"?>
<opencv_storage>
<stage7>
  <maxWeakCount>6</maxWeakCount>
  <stageThreshold>-9.0508490800857544e-01</stageThreshold>
  <weakClassifiers>
    <_>
      <internalNodes>
        0 -1 84533 -6.0612531378865242e-03</internalNodes>
      <leafValues>
        2.5373134016990662e-01 -6.2162160873413086e-01</leafValues></_>
    <_>
      <internalNodes>
        0 -1 105656 2.0063740666955709e-03</internalNodes>
      <leafValues>
        -4.2914298176765442e-01 2.8298893570899963e-01</leafValues></_>
    <_>
      <internalNodes>
        0 -1 159211 -1.2774914503097534e-03</internalNodes>
      <leafValues>
        5.0476360321044922e-01 -2.5779476761817932e-01</leafValues></_>
    <_>
      <internalNodes>
        0 -1 10021 -7.7798548154532909e-03</internalNodes>
      <leafValues>
        -9.5796638727188110e-01 1.3870283961296082e-01</leafValues></_>
    <_>
      <internalNodes>
        0 -1 15168 -4.3708588927984238e-03</internalNodes>
      <leafValues>
        4.9101030826568604e-01 -2.5836598873138428e-01</leafValues></_>
    <_>
      <internalNodes>
        0 -1 61788 1.2350095435976982e-02</internalNodes>
      <leafValues>
        -1.8899430334568024e-01 8.2864433526992798e-01</leafValues></_></weakClassifiers></stage7>
</opencv_storage>
