<?xml version="1.0"?>
<opencv_storage>
<stage13>
  <maxWeakCount>11</maxWeakCount>
  <stageThreshold>-1.3064868450164795e+00</stageThreshold>
  <weakClassifiers>
    <_>
      <internalNodes>
        0 -1 23240 -2.9669590294361115e-02</internalNodes>
      <leafValues>
        6.9999998807907104e-01 -5.4436451196670532e-01</leafValues></_>
    <_>
      <internalNodes>
        0 -1 133748 2.6792209246195853e-04</internalNodes>
      <leafValues>
        6.1040483415126801e-02 -8.7343764305114746e-01</leafValues></_>
    <_>
      <internalNodes>
        0 -1 112837 -1.1362414807081223e-03</internalNodes>
      <leafValues>
        -6.9494599103927612e-01 1.2683774530887604e-01</leafValues></_>
    <_>
      <internalNodes>
        0 -1 79500 -3.6408625543117523e-02</internalNodes>
      <leafValues>
        4.4296079874038696e-01 -2.1742665767669678e-01</leafValues></_>
    <_>
      <internalNodes>
        0 -1 8874 -3.3882223069667816e-03</internalNodes>
      <leafValues>
        4.2435756325721741e-01 -2.1948906779289246e-01</leafValues></_>
    <_>
      <internalNodes>
        0 -1 40721 -1.6318568959832191e-03</internalNodes>
      <leafValues>
        4.0308216214179993e-01 -2.5165006518363953e-01</leafValues></_>
    <_>
      <internalNodes>
        0 -1 122446 3.9905114099383354e-03</internalNodes>
      <leafValues>
        1.3748353719711304e-01 -7.2259008884429932e-01</leafValues></_>
    <_>
      <internalNodes>
        0 -1 3150 1.0967034846544266e-02</internalNodes>
      <leafValues>
        1.1830934137105942e-01 -8.3556336164474487e-01</leafValues></_>
    <_>
      <internalNodes>
        0 -1 11490 -3.4196181222796440e-03</internalNodes>
      <leafValues>
        -9.0814936161041260e-01 7.4380286037921906e-02</leafValues></_>
    <_>
      <internalNodes>
        0 -1 36247 -1.4447241483139805e-05</internalNodes>
      <leafValues>
        3.1189197301864624e-01 -3.2536831498146057e-01</leafValues></_>
    <_>
      <internalNodes>
        0 -1 35015 1.2283168034628034e-03</internalNodes>
      <leafValues>
        -2.6623961329460144e-01 4.0333351492881775e-01</leafValues></_></weakClassifiers></stage13>
</opencv_storage>
