<?xml version="1.0"?>
<opencv_storage>
<stage18>
  <maxWeakCount>10</maxWeakCount>
  <stageThreshold>-8.7369859218597412e-01</stageThreshold>
  <weakClassifiers>
    <_>
      <internalNodes>
        0 -1 158964 2.3788087069988251e-02</internalNodes>
      <leafValues>
        -5.6000000238418579e-01 2.9729729890823364e-01</leafValues></_>
    <_>
      <internalNodes>
        0 -1 132771 1.0454829316586256e-03</internalNodes>
      <leafValues>
        -4.6179369091987610e-01 1.5470363199710846e-01</leafValues></_>
    <_>
      <internalNodes>
        0 -1 12240 2.2769353818148375e-03</internalNodes>
      <leafValues>
        1.0006266832351685e-01 -8.3674991130828857e-01</leafValues></_>
    <_>
      <internalNodes>
        0 -1 119395 1.1763012036681175e-02</internalNodes>
      <leafValues>
        -1.3704498112201691e-01 6.0291576385498047e-01</leafValues></_>
    <_>
      <internalNodes>
        0 -1 106450 -6.2360783340409398e-04</internalNodes>
      <leafValues>
        -7.7306711673736572e-01 1.1910594999790192e-01</leafValues></_>
    <_>
      <internalNodes>
        0 -1 9579 -1.0091009549796581e-02</internalNodes>
      <leafValues>
        3.1443110108375549e-01 -2.9713612794876099e-01</leafValues></_>
    <_>
      <internalNodes>
        0 -1 145034 -4.4109787268098444e-05</internalNodes>
      <leafValues>
        3.2990723848342896e-01 -3.0440485477447510e-01</leafValues></_>
    <_>
      <internalNodes>
        0 -1 3759 5.6153652258217335e-03</internalNodes>
      <leafValues>
        2.1736945211887360e-01 -4.2159968614578247e-01</leafValues></_>
    <_>
      <internalNodes>
        0 -1 119545 4.0823174640536308e-03</internalNodes>
      <leafValues>
        -2.2411969304084778e-01 4.1495081782341003e-01</leafValues></_>
    <_>
      <internalNodes>
        0 -1 106445 2.5581836234778166e-04</internalNodes>
      <leafValues>
        1.3728065788745880e-01 -7.0384269952774048e-01</leafValues></_></weakClassifiers></stage18>
</opencv_storage>
